id,first_name,last_name,email,gender,ip_address
1,Allys,Midlane,amidlane0@smh.com.au,Female,143.176.110.86
2,Wiatt,Marle,wmarle1@cyberchimps.com,Male,192.173.156.37
3,Aluino,Pallaske,apallaske2@vimeo.com,Agender,49.134.48.229
4,Korney,Cabel,kcabel3@hexun.com,Female,175.119.166.144
5,Raoul,Nugent,rnugent4@slashdot.org,Male,62.249.2.86
6,Dugald,Wagg,dwagg5@msu.edu,Male,202.65.148.123
7,Jerrie,Calrow,jcalrow6@accuweather.com,Female,120.1.241.36
8,Garwin,Jurczyk,gjurczyk7@whitehouse.gov,Male,15.245.139.88
9,Tirrell,Mitskevich,tmitskevich8@cpanel.net,Male,35.0.106.176
10,Jack,Clardge,jclardge9@vinaora.com,Male,101.95.42.26
11,Sax,Georgeot,sgeorgeota@webs.com,Male,159.29.52.253
12,Jemmie,Dimblebee,jdimblebeeb@123-reg.co.uk,Female,153.109.229.98
13,Robby,Whettleton,rwhettletonc@eepurl.com,Agender,50.150.97.208
14,Loutitia,Phipp,lphippd@bbb.org,Female,116.228.149.45
15,Aloysius,Verma,avermae@ovh.net,Male,239.184.224.128
16,Tyler,Swyre,tswyref@hatena.ne.jp,Male,190.0.99.217
17,Elden,Jellybrand,ejellybrandg@hibu.com,Male,62.76.100.124
18,Bren,Ebunoluwa,bebunoluwah@bandcamp.com,Female,140.203.104.4
19,Linet,Albinson,lalbinsoni@prweb.com,Female,220.101.151.78
20,Viviyan,Robiou,vrobiouj@bbb.org,Female,249.21.199.225
21,Nell,Simanenko,nsimanenkok@amazon.de,Female,16.119.144.94
22,Wendell,Trahar,wtraharl@addtoany.com,Male,33.106.167.160
23,Christan,Hassen,chassenm@technorati.com,Female,0.138.231.33
24,Gill,Rodda,groddan@plala.or.jp,Female,248.131.238.201
25,Lebbie,Monkley,lmonkleyo@slashdot.org,Female,229.168.96.248
26,Celestina,Grovier,cgrovierp@cafepress.com,Female,178.146.190.199
27,Jania,Minchinton,jminchintonq@shareasale.com,Female,139.96.132.144
28,Lanni,Leades,lleadesr@blogtalkradio.com,Non-binary,202.141.177.109
29,Yankee,Godney,ygodneys@1und1.de,Male,226.18.211.243
30,Saw,Filinkov,sfilinkovt@wikimedia.org,Male,37.229.152.253
31,Hamlen,Otterwell,hotterwellu@taobao.com,Male,161.39.51.226
32,Mitchell,Toupe,mtoupev@dmoz.org,Male,147.45.167.185
33,Ginelle,Baxill,gbaxillw@redcross.org,Female,191.16.141.193
34,Cara,McGuiney,cmcguineyx@digg.com,Female,35.221.195.188
35,Candida,Laws,clawsy@census.gov,Polygender,234.134.78.66
36,Brigid,Alexis,balexisz@macromedia.com,Female,203.99.86.43
37,Rosaline,Ritson,rritson10@yahoo.com,Female,139.137.32.52
38,Titus,Archdeckne,tarchdeckne11@blogs.com,Male,241.15.135.248
39,Friederike,Conan,fconan12@reuters.com,Agender,37.92.250.115
40,Nanni,Henrys,nhenrys13@soundcloud.com,Female,48.202.207.244
41,Valene,Barnsley,vbarnsley14@cpanel.net,Genderqueer,6.115.149.105
42,Flossy,Theakston,ftheakston15@china.com.cn,Female,230.87.248.250
43,Renate,Roofe,rroofe16@istockphoto.com,Female,157.107.57.11
44,Ignazio,Effnert,ieffnert17@harvard.edu,Polygender,92.5.245.145
45,Keely,Stephen,kstephen18@irs.gov,Female,135.71.212.56
46,Vladamir,Cammish,vcammish19@apache.org,Male,208.222.0.81
47,Emelia,Sawrey,esawrey1a@springer.com,Bigender,98.185.110.249
48,Gilburt,Bloore,gbloore1b@miitbeian.gov.cn,Male,134.27.66.46
49,Raina,Winship,rwinship1c@jigsy.com,Female,30.104.99.158
50,Bone,Lickess,blickess1d@youku.com,Male,47.84.132.161
51,Ethelred,Carillo,ecarillo1e@feedburner.com,Male,241.168.60.169
52,Meier,Thebeau,mthebeau1f@weebly.com,Male,95.55.240.217
53,Lind,Brisbane,lbrisbane1g@chronoengine.com,Female,143.192.168.188
54,Raven,Challinor,rchallinor1h@topsy.com,Female,60.140.144.230
55,Randy,Tatlock,rtatlock1i@dagondesign.com,Male,198.177.165.110
56,Fran,Hempel,fhempel1j@printfriendly.com,Female,159.81.47.87
57,Hill,Hukin,hhukin1k@cnet.com,Male,72.28.77.161
58,Jaime,McKeighen,jmckeighen1l@ca.gov,Male,27.136.10.46
59,Beverlee,Botwood,bbotwood1m@wix.com,Female,37.228.185.174
60,Kinnie,Eckersall,keckersall1n@sciencedirect.com,Male,176.106.106.39
61,Demetre,Dillimore,ddillimore1o@mayoclinic.com,Male,63.120.251.50
62,Merrile,Corbould,mcorbould1p@eepurl.com,Female,26.252.55.5
63,Noe,Ghion,nghion1q@list-manage.com,Male,199.50.182.89
64,Gorden,Swaffield,gswaffield1r@icq.com,Male,143.123.240.208
65,Ginger,MacNab,gmacnab1s@sbwire.com,Male,130.66.201.164
66,Salomone,McLukie,smclukie1t@dyndns.org,Male,174.245.116.230
67,Hamel,Averill,haverill1u@smugmug.com,Male,187.235.247.192
68,Garvey,Castangia,gcastangia1v@t.co,Male,55.4.177.229
69,See,Bingley,sbingley1w@shop-pro.jp,Male,131.154.157.22
70,Abel,Obbard,aobbard1x@etsy.com,Male,102.80.107.55
71,Darcey,Lawford,dlawford1y@webnode.com,Female,16.114.145.23
72,Penny,Ivashinnikov,pivashinnikov1z@cdbaby.com,Female,189.139.19.249
73,Cookie,Hurren,churren20@timesonline.co.uk,Female,55.19.54.229
74,Gwendolyn,Ashling,gashling21@parallels.com,Female,82.2.76.126
75,Gonzales,Manuelli,gmanuelli22@dailymotion.com,Male,71.155.21.224
76,Dwain,Whitelock,dwhitelock23@trellian.com,Male,63.70.44.169
77,Winn,Gudeman,wgudeman24@squidoo.com,Male,116.7.16.181
78,Thorin,Ballister,tballister25@marriott.com,Male,98.48.66.238
79,Allie,Bradnam,abradnam26@examiner.com,Female,29.99.12.174
80,Karlan,Ackerman,kackerman27@squidoo.com,Genderqueer,169.127.193.216
81,Rossie,Grimmett,rgrimmett28@rakuten.co.jp,Male,21.60.5.3
82,Ellery,Sickling,esickling29@ftc.gov,Male,53.34.45.238
83,Kerby,Vallis,kvallis2a@theatlantic.com,Male,179.69.81.74
84,Netta,McNea,nmcnea2b@jalbum.net,Female,232.118.251.12
85,Quill,Bartens,qbartens2c@webeden.co.uk,Male,140.146.74.127
86,Frederique,Neads,fneads2d@nba.com,Female,44.104.130.160
87,Christoffer,Heyns,cheyns2e@timesonline.co.uk,Male,208.122.122.23
88,Jilleen,Wheble,jwheble2f@constantcontact.com,Female,97.157.47.25
89,Hali,Clardge,hclardge2g@storify.com,Female,208.205.18.39
90,Page,Brazer,pbrazer2h@berkeley.edu,Female,70.70.55.120
91,Galvan,Loftin,gloftin2i@newsvine.com,Male,153.82.237.218
92,Cathlene,Allcoat,callcoat2j@taobao.com,Female,140.95.73.52
93,Jennee,Nelmes,jnelmes2k@360.cn,Genderfluid,71.169.24.224
94,Shandra,Matteini,smatteini2l@lycos.com,Female,114.109.57.210
95,Frasco,Sailor,fsailor2m@nbcnews.com,Male,159.17.193.118
96,Boniface,Teasdale,bteasdale2n@google.fr,Male,235.142.152.45
97,Niki,Bellson,nbellson2o@360.cn,Male,224.245.213.9
98,Valentine,Eve,veve2p@boston.com,Male,172.73.232.232
99,Ursola,Maccree,umaccree2q@slate.com,Female,200.76.189.96
100,Sherwin,Ballam,sballam2r@fda.gov,Male,58.58.142.193
101,Garret,Corness,gcorness2s@bloglovin.com,Male,251.165.94.234
102,Domini,Chuter,dchuter2t@google.ca,Female,228.124.177.121
103,Greg,Howley,ghowley2u@shutterfly.com,Agender,101.238.186.182
104,Kelvin,Collis,kcollis2v@youtube.com,Male,42.241.31.13
105,Leonhard,Dockray,ldockray2w@printfriendly.com,Male,165.220.131.6
106,Onfre,Tearny,otearny2x@slate.com,Male,152.242.83.141
107,Raynard,Kislingbury,rkislingbury2y@ezinearticles.com,Male,13.216.194.7
108,Any,Fuxman,afuxman2z@ovh.net,Non-binary,101.30.52.178
109,Scarface,Sergent,ssergent30@twitter.com,Male,253.251.137.132
110,Charlena,Maypole,cmaypole31@squidoo.com,Female,160.210.88.33
111,Eva,Mingay,emingay32@nytimes.com,Female,196.47.88.3
112,Boniface,Furley,bfurley33@google.es,Male,180.236.87.170
113,Abdel,Elis,aelis34@vk.com,Male,94.160.62.71
114,Morganne,Dykes,mdykes35@home.pl,Female,94.200.238.177
115,Olimpia,Bartolomeo,obartolomeo36@imdb.com,Female,92.53.36.94
116,Alexine,Froud,afroud37@utexas.edu,Female,210.178.44.45
117,Bekki,Ferrige,bferrige38@senate.gov,Female,162.177.87.108
118,Jess,Marsland,jmarsland39@blinklist.com,Agender,174.208.214.133
119,Brannon,Maw,bmaw3a@php.net,Male,102.246.235.142
120,Frieda,Walton,fwalton3b@japanpost.jp,Female,9.86.7.112
121,Shelley,Coleman,scoleman3c@simplemachines.org,Male,185.246.155.187
122,Raul,Collerd,rcollerd3d@baidu.com,Male,224.138.153.69
123,Lia,Championnet,lchampionnet3e@hc360.com,Female,26.102.107.45
124,Abe,Savary,asavary3f@wunderground.com,Male,166.251.11.85
125,Devi,Charman,dcharman3g@salon.com,Female,77.93.250.241
126,Ash,Van der Mark,avandermark3h@hud.gov,Polygender,43.84.67.242
127,Fairlie,O'Doireidh,fodoireidh3i@hubpages.com,Male,224.159.237.216
128,Drucie,Brotherheed,dbrotherheed3j@twitter.com,Female,145.142.43.189
129,Mortie,Gerald,mgerald3k@slate.com,Male,183.228.50.42
130,Linus,Hansie,lhansie3l@huffingtonpost.com,Male,210.64.13.20
131,Isacco,Kleiser,ikleiser3m@themeforest.net,Bigender,110.130.164.11
132,Meaghan,Axby,maxby3n@uol.com.br,Female,140.25.164.211
133,Thorvald,Bohman,tbohman3o@yandex.ru,Male,220.180.7.216
134,Noelani,Crips,ncrips3p@stumbleupon.com,Female,114.118.38.155
135,Carlin,Wildman,cwildman3q@chron.com,Female,115.201.123.123
136,Madelyn,Musker,mmusker3r@senate.gov,Female,239.29.125.160
137,Trev,Ragsdall,tragsdall3s@apache.org,Male,104.73.255.46
138,Noak,McLaughlan,nmclaughlan3t@patch.com,Male,190.239.163.89
139,Arnaldo,Nind,anind3u@usda.gov,Male,198.50.200.241
140,Allayne,Allery,aallery3v@istockphoto.com,Male,9.29.105.183
141,Alvan,Matczak,amatczak3w@jiathis.com,Male,217.241.151.186
142,Giustino,Scadding,gscadding3x@goodreads.com,Male,15.114.13.194
143,Arel,Beadell,abeadell3y@craigslist.org,Male,4.215.102.229
144,Patty,Benardette,pbenardette3z@marriott.com,Female,173.254.148.238
145,Chrissie,Ladson,cladson40@slashdot.org,Male,107.39.203.72
146,Zondra,Sollowaye,zsollowaye41@altervista.org,Female,37.195.6.7
147,Katine,Piddle,kpiddle42@yellowbook.com,Female,165.125.171.24
148,Nico,Kingswoode,nkingswoode43@bigcartel.com,Male,195.107.24.127
149,Rees,Tumility,rtumility44@psu.edu,Male,202.182.135.204
150,Burnaby,Neighbour,bneighbour45@liveinternet.ru,Male,150.49.189.24
151,Annis,Beet,abeet46@multiply.com,Female,154.57.138.168
152,Herminia,Doldon,hdoldon47@google.ru,Female,243.253.194.69
153,Natividad,Pirt,npirt48@mediafire.com,Female,40.88.10.86
154,Wolfgang,Bordiss,wbordiss49@shinystat.com,Bigender,226.168.153.78
155,Joan,Holby,jholby4a@senate.gov,Female,131.204.141.254
156,Nadine,Sexcey,nsexcey4b@xinhuanet.com,Female,211.24.203.136
157,Korney,Cansdell,kcansdell4c@sitemeter.com,Female,195.117.55.207
158,Jaymie,Darcey,jdarcey4d@newyorker.com,Male,72.19.36.64
159,Talbot,Hayen,thayen4e@walmart.com,Male,145.126.26.150
160,Fernando,Bahde,fbahde4f@google.co.jp,Male,14.172.125.130
161,Kaitlin,Bates,kbates4g@dell.com,Female,241.84.60.138
162,Arlyne,Postan,apostan4h@ucoz.ru,Female,153.77.164.133
163,Margit,Sketcher,msketcher4i@alibaba.com,Female,95.13.187.26
164,Katlin,Bosse,kbosse4j@uiuc.edu,Genderfluid,41.167.200.175
165,Hillary,Enriquez,henriquez4k@ovh.net,Male,182.21.158.169
166,Stacia,Scherer,sscherer4l@t.co,Female,174.16.55.96
167,Walker,Shardlow,wshardlow4m@linkedin.com,Male,147.18.213.228
168,Ema,Persian,epersian4n@fastcompany.com,Female,113.60.147.148
169,Adolph,Gerding,agerding4o@arizona.edu,Male,211.94.145.50
170,Belia,Codner,bcodner4p@mac.com,Female,72.104.216.133
171,Blanche,Burrus,bburrus4q@arstechnica.com,Female,145.211.183.33
172,Arv,Paradin,aparadin4r@pcworld.com,Male,179.12.164.192
173,Jesus,Gheorghie,jgheorghie4s@myspace.com,Male,5.164.247.53
174,Andromache,Diemer,adiemer4t@boston.com,Female,18.29.6.20
175,Odella,Elcox,oelcox4u@globo.com,Female,202.74.26.29
176,Matteo,Gallego,mgallego4v@nba.com,Male,147.157.255.235
177,Barrie,Santry,bsantry4w@aol.com,Female,252.131.10.250
178,Adan,Dumblton,adumblton4x@merriam-webster.com,Female,154.124.181.148
179,Orv,Amburgy,oamburgy4y@noaa.gov,Male,55.16.139.116
180,Jamey,Endersby,jendersby4z@ca.gov,Male,33.255.26.64
181,Delainey,Schuster,dschuster50@redcross.org,Male,175.68.211.86
182,Wendie,McAviy,wmcaviy51@aol.com,Female,120.114.147.215
183,Grant,Treacher,gtreacher52@shinystat.com,Male,21.158.230.197
184,Skipp,Skatcher,sskatcher53@jugem.jp,Male,214.182.224.148
185,Veronika,Roiz,vroiz54@a8.net,Female,88.171.234.217
186,Gregg,Busch,gbusch55@ovh.net,Male,171.10.208.150
187,Osborne,Mirrlees,omirrlees56@ted.com,Male,148.204.127.208
188,Joseito,Evason,jevason57@yahoo.co.jp,Male,251.241.16.125
189,Catina,Farquarson,cfarquarson58@shop-pro.jp,Agender,210.98.194.112
190,Amargo,Atyeo,aatyeo59@google.es,Female,76.161.186.92
191,Briana,Rawstorne,brawstorne5a@comsenz.com,Female,137.222.48.132
192,Cherie,Matelaitis,cmatelaitis5b@ycombinator.com,Female,175.77.145.28
193,Nahum,Baseke,nbaseke5c@freewebs.com,Male,228.128.182.228
194,Moss,Eldredge,meldredge5d@patch.com,Male,40.16.160.225
195,Hendrick,Speek,hspeek5e@nba.com,Male,113.67.195.220
196,Sisely,Sherreard,ssherreard5f@ox.ac.uk,Female,190.174.223.107
197,Gui,Hawkeswood,ghawkeswood5g@adobe.com,Female,81.154.28.155
198,Roxanne,Fairey,rfairey5h@nifty.com,Female,210.4.46.159
199,Almire,Lamplough,alamplough5i@amazon.com,Female,220.29.255.250
200,Fanechka,Harron,fharron5j@livejournal.com,Bigender,140.244.133.174
201,Renard,Grob,rgrob5k@google.com.au,Male,190.17.254.252
202,Annabel,Cootes,acootes5l@theatlantic.com,Female,205.30.28.52
203,Morgen,Mahoney,mmahoney5m@indiegogo.com,Genderqueer,207.108.93.61
204,Nerti,Sprasen,nsprasen5n@netlog.com,Female,126.133.105.213
205,Haily,Clougher,hclougher5o@wp.com,Female,210.249.217.52
206,Diannne,Franciotti,dfranciotti5p@nhs.uk,Female,91.54.4.229
207,Conn,Servant,cservant5q@ftc.gov,Bigender,22.254.131.40
208,Gilles,Yegoshin,gyegoshin5r@dell.com,Male,50.175.117.105
209,Win,Bohlmann,wbohlmann5s@plala.or.jp,Male,51.21.199.103
210,Tim,Shalloo,tshalloo5t@fda.gov,Male,228.124.115.181
211,Chucho,Braidley,cbraidley5u@ft.com,Male,39.206.226.230
212,Sal,Clewett,sclewett5v@vk.com,Female,42.156.24.196
213,Alfonso,Leer,aleer5w@jugem.jp,Male,246.170.145.166
214,Trenton,Cavell,tcavell5x@census.gov,Male,57.176.57.84
215,Dex,Veevers,dveevers5y@shareasale.com,Male,221.176.101.86
216,Renee,Attack,rattack5z@myspace.com,Female,124.101.220.122
217,Jamison,Pelzer,jpelzer60@dyndns.org,Male,175.130.146.41
218,Nealy,Joincey,njoincey61@sitemeter.com,Male,21.162.96.61
219,Ambros,Skillicorn,askillicorn62@dedecms.com,Male,74.204.234.28
220,Mildrid,Broek,mbroek63@utexas.edu,Female,26.103.70.126
221,Creigh,Ivannikov,civannikov64@nydailynews.com,Male,188.160.225.43
222,Car,Francois,cfrancois65@typepad.com,Male,48.6.199.214
223,Ashia,Gaunson,agaunson66@blogger.com,Female,229.47.122.207
224,Valma,Reidshaw,vreidshaw67@google.co.uk,Female,39.1.199.193
225,Barbra,Cowlas,bcowlas68@cafepress.com,Female,46.8.7.235
226,Giraud,Mussen,gmussen69@blogspot.com,Male,130.3.50.146
227,Valry,Yaxley,vyaxley6a@dmoz.org,Female,249.248.126.53
228,Lyndy,Browning,lbrowning6b@ucoz.com,Female,96.96.26.80
229,Ebeneser,Gauche,egauche6c@google.ru,Male,221.1.155.139
230,Heidie,Schlagman,hschlagman6d@tripod.com,Female,90.10.44.221
231,Had,Meckiff,hmeckiff6e@amazonaws.com,Male,55.243.29.68
232,Dulcia,Palia,dpalia6f@etsy.com,Female,174.222.8.89
233,Kimbra,Tite,ktite6g@dropbox.com,Female,61.136.66.242
234,Kit,Arnowicz,karnowicz6h@merriam-webster.com,Male,83.206.125.241
235,Kora,Cicccitti,kcicccitti6i@barnesandnoble.com,Female,178.242.106.65
236,Ludovico,Culbard,lculbard6j@toplist.cz,Male,201.74.130.71
237,Marinna,Wringe,mwringe6k@studiopress.com,Female,127.59.22.230
238,Alva,Saurat,asaurat6l@tumblr.com,Male,85.7.150.70
239,Aloisia,Bridgement,abridgement6m@cnet.com,Female,200.155.131.35
240,Rhodia,Rhymer,rrhymer6n@networksolutions.com,Female,8.75.251.4
241,Marie,Dymocke,mdymocke6o@usnews.com,Female,132.250.189.184
242,Ignace,Winspurr,iwinspurr6p@marriott.com,Male,0.206.27.222
243,Genny,Matcham,gmatcham6q@histats.com,Female,154.235.5.195
244,Hilary,Lightowlers,hlightowlers6r@nhs.uk,Male,133.27.175.199
245,Perl,Boots,pboots6s@discuz.net,Female,118.48.31.156
246,Bob,Adair,badair6t@abc.net.au,Male,24.150.199.12
247,Donica,Hayen,dhayen6u@vk.com,Female,211.52.234.34
248,Joby,Sirey,jsirey6v@a8.net,Female,97.62.130.228
249,Nanny,Van Arsdall,nvanarsdall6w@about.com,Female,216.124.46.40
250,Robbie,Beasant,rbeasant6x@printfriendly.com,Male,4.25.130.45
251,Bar,Aubery,baubery6y@wikia.com,Male,246.144.49.226
252,Penelopa,Forker,pforker6z@bizjournals.com,Female,132.125.91.234
253,Maxim,Leeke,mleeke70@oaic.gov.au,Agender,226.201.29.20
254,Andris,Merton,amerton71@joomla.org,Male,109.162.140.126
255,Uriah,Roscrigg,uroscrigg72@cbc.ca,Polygender,48.237.78.184
256,Wilek,Axel,waxel73@discuz.net,Male,102.219.50.228
257,Keri,Gilder,kgilder74@addthis.com,Female,43.53.159.116
258,Audry,Eskriet,aeskriet75@seesaa.net,Female,155.190.135.151
259,Archibald,Maxstead,amaxstead76@ted.com,Genderfluid,190.167.170.152
260,Sigismund,Perkis,sperkis77@intel.com,Male,107.14.230.249
261,Bianca,Sexten,bsexten78@de.vu,Female,114.94.132.14
262,Austen,Gantz,agantz79@51.la,Male,203.159.110.196
263,Uriah,Antonucci,uantonucci7a@economist.com,Male,109.119.113.246
264,Verla,Masdon,vmasdon7b@prweb.com,Female,120.219.118.118
265,Elset,Flamank,eflamank7c@usda.gov,Female,138.162.106.171
266,Walsh,Goacher,wgoacher7d@slate.com,Male,19.140.10.180
267,Laurice,Klementz,lklementz7e@walmart.com,Female,120.8.10.148
268,Garvin,Willers,gwillers7f@i2i.jp,Male,181.144.189.245
269,Rodger,Casillis,rcasillis7g@networkadvertising.org,Male,101.78.254.0
270,Arda,Layson,alayson7h@usda.gov,Female,50.56.150.89
271,Barbie,Dunniom,bdunniom7i@jalbum.net,Female,156.230.157.224
272,Shirlene,Beeble,sbeeble7j@dailymotion.com,Female,115.125.144.156
273,Kelby,Doll,kdoll7k@squidoo.com,Male,25.81.74.185
274,Lotta,Poynzer,lpoynzer7l@purevolume.com,Female,182.143.99.210
275,Waneta,MacGillicuddy,wmacgillicuddy7m@answers.com,Non-binary,201.198.202.207
276,Cristine,Streeting,cstreeting7n@mysql.com,Female,62.211.236.179
277,Alida,Huff,ahuff7o@apache.org,Female,62.116.197.246
278,Merle,Wollard,mwollard7p@springer.com,Male,25.139.184.216
279,Marilee,Aiskrigg,maiskrigg7q@istockphoto.com,Female,243.97.88.192
280,Erda,Sugars,esugars7r@angelfire.com,Female,165.213.236.171
281,Rafe,Iczokvitz,riczokvitz7s@comcast.net,Male,101.203.251.145
282,Blake,Hutchason,bhutchason7t@gravatar.com,Female,198.81.105.148
283,Cherish,Berisford,cberisford7u@google.nl,Female,111.68.76.85
284,Livy,McLevie,lmclevie7v@irs.gov,Female,14.197.23.92
285,Colan,Teaser,cteaser7w@sourceforge.net,Male,93.129.103.91
286,Brietta,Blakey,bblakey7x@about.com,Female,212.209.219.51
287,Colver,Sarjeant,csarjeant7y@themeforest.net,Polygender,241.20.85.24
288,Jenine,McGeown,jmcgeown7z@reuters.com,Female,33.22.199.245
289,Karoly,Rockliffe,krockliffe80@salon.com,Female,155.122.16.56
290,Benny,Maria,bmaria81@w3.org,Male,65.169.4.128
291,Rhodie,Strongman,rstrongman82@wp.com,Female,181.132.224.199
292,Damien,Eyers,deyers83@census.gov,Male,201.193.239.13
293,Luelle,Gurery,lgurery84@phoca.cz,Female,104.184.195.242
294,Judy,St. John,jstjohn85@livejournal.com,Female,85.252.61.6
295,Milicent,Upchurch,mupchurch86@php.net,Female,141.22.45.147
296,Charlton,Shropshire,cshropshire87@unc.edu,Male,203.80.249.209
297,Bennie,Dello,bdello88@jigsy.com,Female,172.201.50.216
298,Curt,Fripps,cfripps89@oracle.com,Male,117.43.213.142
299,Pippy,McLeoid,pmcleoid8a@google.es,Female,63.115.201.193
300,Egan,Daborne,edaborne8b@blog.com,Male,90.206.57.221
301,Pegeen,Thies,pthies8c@51.la,Female,178.179.54.167
302,Lowell,Redmond,lredmond8d@bandcamp.com,Male,229.71.48.186
303,Jamill,Espinos,jespinos8e@oakley.com,Male,0.140.231.51
304,Viki,Hedman,vhedman8f@indiegogo.com,Female,108.230.14.214
305,King,Ryall,kryall8g@cdbaby.com,Male,212.113.164.204
306,Janos,Kinnin,jkinnin8h@topsy.com,Male,213.70.35.29
307,Lana,Leile,lleile8i@time.com,Female,130.27.72.195
308,Bordy,Salomon,bsalomon8j@123-reg.co.uk,Male,150.31.52.92
309,Samantha,Nursey,snursey8k@indiegogo.com,Female,236.109.191.135
310,Cad,Doherty,cdoherty8l@hao123.com,Male,211.255.123.154
311,Tamra,Traut,ttraut8m@cocolog-nifty.com,Female,158.27.164.69
312,Prentice,MacBey,pmacbey8n@quantcast.com,Male,213.206.163.253
313,Florenza,Jelf,fjelf8o@hud.gov,Female,179.92.155.41
314,Cesar,Chaikovski,cchaikovski8p@ycombinator.com,Male,197.106.196.67
315,Shelton,Pues,spues8q@creativecommons.org,Male,29.57.186.41
316,Romain,Dabnot,rdabnot8r@google.pl,Agender,255.100.215.108
317,Horst,Gerardi,hgerardi8s@google.cn,Genderqueer,98.30.67.6
318,Charmaine,Mix,cmix8t@lulu.com,Female,51.44.210.77
319,Whitney,Staneland,wstaneland8u@prlog.org,Male,49.109.184.89
320,Shawna,Guiton,sguiton8v@google.nl,Female,164.93.197.239
321,Cherrita,Binyon,cbinyon8w@princeton.edu,Female,212.218.45.160
322,Mord,Billborough,mbillborough8x@gov.uk,Male,84.40.105.212
323,Karylin,Casajuana,kcasajuana8y@sfgate.com,Female,134.251.62.148
324,Samuel,Brooksby,sbrooksby8z@mashable.com,Male,39.187.60.35
325,Rodger,Crowhurst,rcrowhurst90@printfriendly.com,Male,212.133.73.149
326,Dianemarie,Cesco,dcesco91@imageshack.us,Female,143.130.181.133
327,Alfie,Klasing,aklasing92@odnoklassniki.ru,Female,236.158.12.216
328,Ira,Dinesen,idinesen93@npr.org,Male,61.175.60.148
329,Kalindi,Duffett,kduffett94@upenn.edu,Female,228.233.84.204
330,Andrej,Halsted,ahalsted95@nature.com,Male,73.47.117.133
331,Dniren,Cadding,dcadding96@mac.com,Female,44.198.54.210
332,Annabella,Blincowe,ablincowe97@sciencedaily.com,Female,127.248.121.136
333,Hendrick,Liccardi,hliccardi98@berkeley.edu,Male,218.56.228.243
334,Orlando,Debling,odebling99@nationalgeographic.com,Male,202.3.217.235
335,Corty,Featherstonhalgh,cfeatherstonhalgh9a@ucla.edu,Male,135.67.94.247
336,Jan,Wherry,jwherry9b@furl.net,Male,51.83.4.132
337,Rogers,Gerling,rgerling9c@usda.gov,Male,18.86.84.165
338,Rabbi,Bellay,rbellay9d@live.com,Male,228.75.62.215
339,Magdalena,Ridde,mridde9e@apache.org,Female,18.245.247.136
340,Josi,Lewins,jlewins9f@devhub.com,Female,32.186.115.97
341,Alexia,Saing,asaing9g@gnu.org,Female,150.108.179.61
342,Demetri,MacAndie,dmacandie9h@typepad.com,Male,159.237.251.226
343,Rasia,Lilburne,rlilburne9i@answers.com,Female,228.82.124.117
344,Byram,Trapp,btrapp9j@furl.net,Male,79.192.75.150
345,Thomasa,Rollitt,trollitt9k@skyrock.com,Female,32.250.140.20
346,Cynthie,Allder,callder9l@google.ca,Female,154.133.11.180
347,Lynelle,Mettericke,lmettericke9m@dot.gov,Female,21.224.233.24
348,Malchy,Mirfield,mmirfield9n@deviantart.com,Male,81.129.247.48
349,Basilius,Bellanger,bbellanger9o@kickstarter.com,Non-binary,158.147.162.161
350,Ezri,Parminter,eparminter9p@odnoklassniki.ru,Male,20.23.20.211
351,Rachelle,Skone,rskone9q@ask.com,Female,207.203.179.201
352,Ahmed,McGreal,amcgreal9r@smh.com.au,Male,63.58.44.43
353,Yale,MacKnockiter,ymacknockiter9s@jimdo.com,Male,179.161.28.89
354,Ephrayim,Cafe,ecafe9t@mit.edu,Male,187.213.199.134
355,Zack,Thaxton,zthaxton9u@yolasite.com,Male,67.252.158.32
356,Faulkner,Phettis,fphettis9v@example.com,Male,40.27.55.220
357,Bud,Kirke,bkirke9w@ftc.gov,Male,40.210.103.158
358,Jonathan,Broz,jbroz9x@ucoz.com,Male,134.241.127.51
359,Felicle,Aronin,faronin9y@taobao.com,Female,182.235.120.109
360,Bertrando,Dugald,bdugald9z@xrea.com,Male,77.238.51.8
361,Olimpia,Witherington,owitheringtona0@fda.gov,Female,56.189.11.247
362,Brynna,Harpur,bharpura1@lulu.com,Genderqueer,134.151.213.112
363,Meara,Leighfield,mleighfielda2@deliciousdays.com,Female,59.44.230.202
364,Derick,Rivitt,drivitta3@toplist.cz,Male,178.249.108.227
365,Joshuah,Barrs,jbarrsa4@tinyurl.com,Male,123.97.18.31
366,Allissa,Buttrum,abuttruma5@e-recht24.de,Female,234.26.92.38
367,Grayce,Josefsohn,gjosefsohna6@mapy.cz,Female,84.1.95.228
368,Orbadiah,Premble,opremblea7@google.com.hk,Male,19.239.218.132
369,Norri,Conkey,nconkeya8@wikia.com,Female,35.141.18.184
370,Sile,Winship,swinshipa9@vimeo.com,Female,131.76.120.234
371,Shoshanna,Gierke,sgierkeaa@alibaba.com,Female,28.137.184.250
372,Sharon,Kennifeck,skennifeckab@craigslist.org,Female,235.233.246.90
373,Antonius,Beddoes,abeddoesac@geocities.com,Male,80.35.253.226
374,Enrique,Coker,ecokerad@sitemeter.com,Male,75.253.207.70
375,Dev,Clew,dclewae@state.gov,Male,134.159.153.121
376,Darb,Ranscomb,dranscombaf@ask.com,Male,118.87.106.41
377,Donn,Campkin,dcampkinag@opensource.org,Male,53.173.28.6
378,June,Upson,jupsonah@china.com.cn,Non-binary,221.8.136.73
379,Aundrea,Enterle,aenterleai@cbsnews.com,Genderfluid,86.16.213.238
380,Clemmy,Kelshaw,ckelshawaj@unicef.org,Male,51.86.186.156
381,Kare,Featherbie,kfeatherbieak@google.com.br,Female,221.161.224.204
382,Vanda,Andriveaux,vandriveauxal@noaa.gov,Female,183.73.8.173
383,Adah,Chewter,achewteram@imageshack.us,Female,189.121.203.84
384,Rakel,Bugge,rbuggean@state.tx.us,Female,41.51.145.230
385,Clive,Pettipher,cpettipherao@bbb.org,Male,164.152.80.185
386,Zorana,Cumming,zcummingap@indiegogo.com,Female,211.169.91.91
387,Jena,Bullers,jbullersaq@unicef.org,Female,203.157.89.207
388,Cyndie,Faughey,cfaugheyar@pagesperso-orange.fr,Female,44.186.173.48
389,Shaun,Lynde,slyndeas@intel.com,Female,149.160.127.74
390,Barry,Antonio,bantonioat@msu.edu,Male,204.171.246.235
391,Ferdinand,Wandrach,fwandrachau@latimes.com,Male,154.92.200.165
392,Herculie,Ferrai,hferraiav@mail.ru,Male,174.201.205.48
393,Jill,Jerosch,jjeroschaw@cnn.com,Female,105.224.76.218
394,Chico,MacAdam,cmacadamax@utexas.edu,Male,79.221.142.232
395,Wadsworth,Crocetti,wcrocettiay@t.co,Male,50.92.97.139
396,Wilmar,Andrichuk,wandrichukaz@apple.com,Male,1.1.75.209
397,Baillie,Lowdham,blowdhamb0@sakura.ne.jp,Male,155.147.215.16
398,Pierson,Charrington,pcharringtonb1@tamu.edu,Male,109.150.166.126
399,Marsiella,Westbrook,mwestbrookb2@squarespace.com,Female,136.78.184.123
400,Duffie,Worboy,dworboyb3@nasa.gov,Male,140.176.133.176
401,Effie,Cruse,ecruseb4@prnewswire.com,Female,179.227.247.80
402,Tabbie,Raulin,traulinb5@goo.ne.jp,Male,187.133.182.172
403,Ryan,Prantl,rprantlb6@technorati.com,Male,108.247.213.92
404,Terrye,Ollivierre,tollivierreb7@last.fm,Genderqueer,66.80.132.247
405,Sergeant,Belamy,sbelamyb8@domainmarket.com,Non-binary,30.5.57.27
406,Luca,Samways,lsamwaysb9@ucla.edu,Genderfluid,247.146.28.23
407,Curry,Celes,ccelesba@reference.com,Male,113.119.130.111
408,Conchita,Galey,cgaleybb@ustream.tv,Female,37.59.130.206
409,Geri,Pudge,gpudgebc@wp.com,Male,28.72.71.237
410,Mirella,Endrighi,mendrighibd@businessinsider.com,Female,178.45.162.250
411,Halie,Fleeming,hfleemingbe@baidu.com,Female,129.116.42.43
412,Dall,Zuanelli,dzuanellibf@un.org,Male,81.202.219.206
413,Paula,Cogley,pcogleybg@theatlantic.com,Female,164.90.201.109
414,Leonelle,Findlay,lfindlaybh@geocities.com,Female,100.30.221.150
415,Georgie,Toye,gtoyebi@ning.com,Male,24.114.214.20
416,Ernesto,Kinmond,ekinmondbj@hatena.ne.jp,Male,242.32.228.214
417,Trever,Snoxill,tsnoxillbk@csmonitor.com,Male,122.198.179.77
418,Obed,Gallehawk,ogallehawkbl@nasa.gov,Male,96.128.235.145
419,Phillie,Mort,pmortbm@is.gd,Female,158.93.241.177
420,Colene,Quesne,cquesnebn@wikimedia.org,Female,6.195.66.91
421,Alexina,Wileman,awilemanbo@weebly.com,Female,190.254.28.191
422,Crosby,Matthiesen,cmatthiesenbp@vistaprint.com,Male,132.109.75.124
423,Malorie,Bywaters,mbywatersbq@msn.com,Female,208.247.60.233
424,Kattie,Dagleas,kdagleasbr@google.com.hk,Female,203.137.234.210
425,Silas,Cowans,scowansbs@scribd.com,Male,228.177.69.101
426,Teodoor,Krzyzowski,tkrzyzowskibt@globo.com,Male,27.157.144.22
427,Hervey,Comsty,hcomstybu@dropbox.com,Male,205.138.15.119
428,Emelen,Tatlow,etatlowbv@amazon.de,Male,19.90.37.78
429,Rodrick,Loins,rloinsbw@edublogs.org,Male,33.246.189.161
430,Kailey,Osbourne,kosbournebx@moonfruit.com,Female,242.34.112.47
431,Timmie,Adaway,tadawayby@com.com,Male,210.243.90.170
432,Albrecht,Hammersley,ahammersleybz@nbcnews.com,Male,209.16.70.205
433,Kevyn,Foystone,kfoystonec0@vinaora.com,Female,196.184.201.99
434,Tommie,Coatman,tcoatmanc1@seattletimes.com,Female,63.84.159.254
435,Bradney,Sharpin,bsharpinc2@sciencedaily.com,Male,83.207.81.202
436,Hagan,Valentim,hvalentimc3@ocn.ne.jp,Male,250.143.185.141
437,Jade,Bucham,jbuchamc4@spiegel.de,Female,97.232.144.199
438,Delilah,Dannett,ddannettc5@dell.com,Female,168.244.36.183
439,Lauree,Ellery,lelleryc6@chron.com,Female,51.217.59.159
440,Lusa,Terbruggen,lterbruggenc7@arstechnica.com,Female,227.84.84.249
441,Marthena,Riddles,mriddlesc8@imgur.com,Female,149.136.13.251
442,Ada,Turley,aturleyc9@github.io,Female,135.236.13.182
443,Staford,Mallabon,smallabonca@mayoclinic.com,Male,185.144.78.80
444,Melli,MacNockater,mmacnockatercb@t.co,Female,217.226.230.34
445,Gustie,Launchbury,glaunchburycc@tmall.com,Female,144.53.2.169
446,Richmound,Ridgeway,rridgewaycd@mail.ru,Male,208.199.216.81
447,Rhonda,Gullivent,rgulliventce@cloudflare.com,Female,192.161.122.230
448,Wolfie,Clemont,wclemontcf@ihg.com,Male,75.227.124.169
449,Adelbert,Hateley,ahateleycg@squarespace.com,Male,224.231.253.117
450,Annabella,Hurler,ahurlerch@go.com,Female,212.253.242.159
451,Sarena,Varian,svarianci@squidoo.com,Female,38.26.79.2
452,Ramona,Ybarra,rybarracj@goo.ne.jp,Female,217.144.2.62
453,Jack,Aiskrigg,jaiskriggck@4shared.com,Male,125.214.21.101
454,Cad,Worstall,cworstallcl@nsw.gov.au,Male,13.144.44.57
455,Dylan,Jesson,djessoncm@buzzfeed.com,Male,172.148.39.198
456,Elise,Fetherston,efetherstoncn@de.vu,Female,107.120.204.46
457,Rooney,Corson,rcorsonco@ehow.com,Male,132.84.0.3
458,Delila,Clouter,dcloutercp@abc.net.au,Female,203.67.43.118
459,Laurie,Cassley,lcassleycq@toplist.cz,Non-binary,103.150.162.144
460,Godwin,Burchett,gburchettcr@youku.com,Male,128.134.241.11
461,Meredith,Reuter,mreutercs@about.me,Male,89.226.4.54
462,Shepherd,Bulward,sbulwardct@yellowpages.com,Non-binary,191.28.93.48
463,Leesa,Bulford,lbulfordcu@washington.edu,Female,155.64.112.230
464,Danica,Haddleston,dhaddlestoncv@naver.com,Female,132.204.153.64
465,Adair,Vakhrushin,avakhrushincw@google.es,Male,120.149.32.118
466,Jamesy,Curtis,jcurtiscx@army.mil,Male,148.12.72.130
467,Peyter,Styche,pstychecy@macromedia.com,Male,236.211.173.88
468,Carlie,Grimley,cgrimleycz@mlb.com,Male,58.90.37.41
469,Fina,MacInherney,fmacinherneyd0@comsenz.com,Female,117.75.215.26
470,Althea,Christofol,achristofold1@themeforest.net,Female,179.43.147.191
471,Kendall,Bayle,kbayled2@tmall.com,Genderfluid,166.160.96.30
472,Alessandro,Hast,ahastd3@google.com.br,Male,199.10.146.23
473,Karlik,Caurah,kcaurahd4@vistaprint.com,Male,183.9.248.252
474,Patricia,Hawkshaw,phawkshawd5@thetimes.co.uk,Female,78.213.170.160
475,Grove,Broomer,gbroomerd6@elegantthemes.com,Male,161.149.202.95
476,Tommie,Dory,tdoryd7@cornell.edu,Female,108.232.81.67
477,Tamqrah,Bentick,tbentickd8@yelp.com,Agender,42.109.231.222
478,Helge,Strowlger,hstrowlgerd9@symantec.com,Genderqueer,146.148.53.169
479,Robby,de Marco,rdemarcoda@gmpg.org,Male,113.72.29.105
480,Boote,Goranov,bgoranovdb@java.com,Male,92.189.167.166
481,Kelsi,Mongenot,kmongenotdc@jiathis.com,Female,49.244.211.39
482,Lamont,Gott,lgottdd@cdc.gov,Male,3.114.102.198
483,Zelda,Sheach,zsheachde@un.org,Female,117.230.252.66
484,Freddy,Klambt,fklambtdf@cnet.com,Female,6.221.64.20
485,Marlyn,Fitzpatrick,mfitzpatrickdg@blog.com,Female,160.241.9.189
486,Radcliffe,Jendrys,rjendrysdh@latimes.com,Male,136.19.56.32
487,Clarance,Vellacott,cvellacottdi@ustream.tv,Male,55.24.102.93
488,Lovell,McLucas,lmclucasdj@unesco.org,Male,246.197.124.215
489,Wallis,Lednor,wlednordk@nsw.gov.au,Agender,5.125.40.192
490,Laurie,Manion,lmaniondl@bandcamp.com,Bigender,250.182.83.78
491,Kalinda,Haddeston,khaddestondm@weather.com,Female,5.237.159.223
492,Joscelin,Sones,jsonesdn@webs.com,Female,190.10.30.205
493,Rance,Bode,rbodedo@nature.com,Male,41.111.64.221
494,Dud,Gioan,dgioandp@tinyurl.com,Male,182.156.172.17
495,Mikol,Yellep,myellepdq@google.fr,Male,113.122.122.209
496,Paquito,Lawless,plawlessdr@timesonline.co.uk,Male,26.38.76.95
497,Jorge,Biscomb,jbiscombds@liveinternet.ru,Male,45.180.140.48
498,Fidelio,Baggally,fbaggallydt@youku.com,Bigender,3.181.49.49
499,Darbie,Dowsing,ddowsingdu@unblog.fr,Female,60.56.143.6
500,Kile,Licence,klicencedv@usa.gov,Male,7.73.145.207
501,Geri,Eriksson,gerikssondw@forbes.com,Male,140.99.248.41
502,Broddie,Hubner,bhubnerdx@scribd.com,Male,251.164.33.191
503,Dory,Gavini,dgavinidy@europa.eu,Male,29.37.64.145
504,Cart,Daftor,cdaftordz@salon.com,Male,25.3.174.46
505,Wang,Borthram,wborthrame0@marriott.com,Male,77.172.220.81
506,Harmony,Walwood,hwalwoode1@jigsy.com,Female,167.75.62.230
507,Jesus,Mancer,jmancere2@de.vu,Male,217.77.75.3
508,Horace,Rulf,hrulfe3@angelfire.com,Male,139.131.86.157
509,Sheri,Farmer,sfarmere4@cornell.edu,Female,1.49.195.71
510,Dex,Weathey,dweatheye5@newsvine.com,Male,208.94.211.65
511,Mike,Frenzl,mfrenzle6@nymag.com,Male,87.216.119.1
512,Washington,Epsly,wepslye7@theatlantic.com,Male,155.5.131.150
513,Justus,Ivantsov,jivantsove8@ihg.com,Male,162.116.166.84
514,Zacharia,Readwin,zreadwine9@youtu.be,Male,154.251.138.29
515,Gilligan,Dennehy,gdennehyea@telegraph.co.uk,Female,55.107.240.33
516,Joly,Storrier,jstorriereb@issuu.com,Non-binary,238.181.138.141
517,Bryn,Shankle,bshankleec@ebay.co.uk,Male,240.82.11.131
518,Hamel,Asals,hasalsed@free.fr,Male,37.226.190.1
519,Khalil,Jordon,kjordonee@surveymonkey.com,Male,253.164.14.227
520,Kare,Emloch,kemlochef@deliciousdays.com,Female,191.138.82.162
521,Lise,Costell,lcostelleg@google.it,Female,128.26.170.96
522,Meggy,Michael,mmichaeleh@odnoklassniki.ru,Female,122.94.155.211
523,Sheree,Ephson,sephsonei@businessinsider.com,Female,149.176.9.129
524,Sully,Hands,shandsej@sciencedirect.com,Male,159.1.34.137
525,Jessie,Sage,jsageek@thetimes.co.uk,Female,25.217.63.148
526,Danit,Pool,dpoolel@squarespace.com,Female,44.37.28.210
527,Ainslee,Deex,adeexem@cornell.edu,Female,84.133.47.47
528,Walt,Kunneke,wkunnekeen@apple.com,Male,252.209.127.159
529,Bab,Dencs,bdencseo@plala.or.jp,Bigender,205.140.64.36
530,Christie,Crewes,ccrewesep@tamu.edu,Male,192.193.47.105
531,Noel,McCobb,nmccobbeq@sfgate.com,Female,140.242.16.217
532,Sean,Epgrave,sepgraveer@earthlink.net,Genderfluid,174.141.211.164
533,Ana,Drawmer,adrawmeres@cmu.edu,Female,222.117.84.52
534,Kalie,Aronovitz,karonovitzet@nifty.com,Female,26.90.4.162
535,Tim,Lahrs,tlahrseu@fastcompany.com,Male,218.110.210.34
536,Trixi,Gwinnett,tgwinnettev@state.tx.us,Female,217.77.7.94
537,Kristopher,Curee,kcureeew@imageshack.us,Male,66.208.169.9
538,Durand,Tock,dtockex@wikipedia.org,Male,229.230.103.211
539,Holly-anne,Toolin,htooliney@ucsd.edu,Bigender,171.163.166.27
540,Mallissa,Arnold,marnoldez@sina.com.cn,Female,181.154.55.45
541,Rufe,Gahan,rgahanf0@icio.us,Male,55.70.178.53
542,Verge,Skully,vskullyf1@nbcnews.com,Male,32.15.53.236
543,Lombard,Burry,lburryf2@woothemes.com,Male,180.158.20.196
544,Dot,Inglefield,dinglefieldf3@google.de,Female,55.44.202.85
545,Alicea,Taunton,atauntonf4@sciencedirect.com,Female,99.46.46.28
546,Rouvin,Pedroli,rpedrolif5@guardian.co.uk,Male,168.75.151.159
547,Morgun,Weldrick,mweldrickf6@jalbum.net,Male,64.232.242.37
548,Claudie,Szapiro,cszapirof7@phpbb.com,Female,38.147.4.248
549,Traci,Axton,taxtonf8@tumblr.com,Polygender,177.121.144.247
550,Renelle,Stubbert,rstubbertf9@qq.com,Female,239.138.37.11
551,Salomon,Llewhellin,sllewhellinfa@infoseek.co.jp,Non-binary,125.170.203.25
552,Ange,Woodroffe,awoodroffefb@guardian.co.uk,Female,249.124.76.179
553,Vern,Thomazet,vthomazetfc@pbs.org,Male,29.196.200.81
554,Beryle,Nilges,bnilgesfd@tiny.cc,Female,50.154.6.120
555,Jocelin,Dennison,jdennisonfe@ifeng.com,Female,92.140.232.94
556,Nathan,Gutch,ngutchff@goo.gl,Polygender,134.185.28.188
557,Petunia,Garlette,pgarlettefg@google.nl,Female,234.166.223.6
558,Mady,Gruczka,mgruczkafh@lycos.com,Female,29.24.125.235
559,Billye,Gitsham,bgitshamfi@wired.com,Female,126.108.131.157
560,Hyatt,Beiderbecke,hbeiderbeckefj@simplemachines.org,Male,76.67.228.217
561,Wanda,Sammonds,wsammondsfk@java.com,Female,112.19.140.8
562,Sarette,Blackleech,sblackleechfl@miibeian.gov.cn,Female,248.1.214.60
563,Buckie,Shayes,bshayesfm@google.com.hk,Male,52.254.121.121
564,Dulci,Scimone,dscimonefn@furl.net,Female,5.242.137.42
565,Zorina,Davenport,zdavenportfo@csmonitor.com,Female,225.189.66.44
566,Mike,Dahler,mdahlerfp@admin.ch,Male,84.55.191.231
567,Maighdiln,Pionter,mpionterfq@yelp.com,Female,195.197.223.74
568,Ellswerth,Lowell,elowellfr@dion.ne.jp,Male,123.160.46.120
569,Haily,Gowthorpe,hgowthorpefs@house.gov,Female,17.22.24.171
570,Hughie,Lamplough,hlamploughft@digg.com,Non-binary,245.204.240.161
571,Jervis,Birdsall,jbirdsallfu@arizona.edu,Male,180.69.172.161
572,Bogey,Iacopini,biacopinifv@topsy.com,Male,91.122.40.5
573,Claribel,Cromarty,ccromartyfw@blog.com,Female,160.6.38.234
574,Angelle,Rulton,arultonfx@ehow.com,Female,118.155.182.105
575,Maurine,Driver,mdriverfy@bloomberg.com,Female,216.241.0.193
576,Kev,Tripney,ktripneyfz@deviantart.com,Male,13.155.162.255
577,Kristos,Tosh,ktoshg0@mozilla.org,Male,136.29.111.90
578,Willy,Lazell,wlazellg1@dropbox.com,Genderfluid,222.96.34.203
579,Adaline,Cherry,acherryg2@auda.org.au,Female,92.51.104.102
580,Nobie,Joontjes,njoontjesg3@marketwatch.com,Male,97.171.111.123
581,Stefan,Zoanetti,szoanettig4@usatoday.com,Male,188.52.184.21
582,Jacquelyn,Boomes,jboomesg5@artisteer.com,Female,65.87.49.15
583,Sergei,Gircke,sgirckeg6@aol.com,Male,25.220.64.9
584,Burg,Dumblton,bdumbltong7@netlog.com,Male,214.205.4.235
585,Janeta,Lakin,jlaking8@dropbox.com,Female,36.177.187.173
586,Hayyim,Pinor,hpinorg9@photobucket.com,Male,154.142.92.24
587,Corby,Bath,cbathga@over-blog.com,Male,245.208.120.33
588,Emlen,Magauran,emagaurangb@shop-pro.jp,Male,30.149.120.62
589,Jarrad,Stickler,jsticklergc@linkedin.com,Male,121.66.79.24
590,Ody,Corbitt,ocorbittgd@live.com,Male,174.174.203.163
591,Donny,Jeanneau,djeanneauge@imdb.com,Male,237.237.89.40
592,Elsy,Valentelli,evalentelligf@google.cn,Female,1.13.116.48
593,Carlos,Luna,clunagg@1688.com,Male,138.129.28.243
594,Merry,Kilmister,mkilmistergh@cbc.ca,Male,225.161.11.116
595,Lari,Kadwallider,lkadwallidergi@mayoclinic.com,Female,63.19.55.105
596,Wrennie,Milbank,wmilbankgj@bigcartel.com,Female,82.10.37.174
597,Miranda,Jentges,mjentgesgk@cdbaby.com,Female,71.28.153.97
598,Tailor,Meas,tmeasgl@intel.com,Male,205.12.249.8
599,Shanna,Huntar,shuntargm@cam.ac.uk,Female,216.174.129.138
600,Liesa,Caccavari,lcaccavarign@reuters.com,Female,139.49.187.108
601,Matthieu,Everit,meveritgo@psu.edu,Male,186.52.115.13
602,Desmond,Kirrens,dkirrensgp@mac.com,Male,8.234.175.239
603,Vincent,Christal,vchristalgq@a8.net,Male,182.28.144.120
604,Gamaliel,Birkbeck,gbirkbeckgr@walmart.com,Male,74.46.158.249
605,Jesselyn,Golland,jgollandgs@house.gov,Polygender,70.251.107.228
606,Gaylor,Broker,gbrokergt@sina.com.cn,Male,57.117.47.93
607,Aubree,Wilcocke,awilcockegu@springer.com,Female,215.22.169.245
608,Betsey,Cozby,bcozbygv@miibeian.gov.cn,Female,107.98.176.110
609,Parrnell,Rye,pryegw@seattletimes.com,Male,171.101.207.107
610,Ashil,Thow,athowgx@baidu.com,Bigender,49.79.214.247
611,Gilda,Kubelka,gkubelkagy@discuz.net,Female,111.218.162.200
612,Pedro,Lindenbaum,plindenbaumgz@wordpress.org,Male,187.177.36.163
613,Mair,Campanelle,mcampanelleh0@yale.edu,Female,105.124.76.166
614,Cinda,Crux,ccruxh1@huffingtonpost.com,Female,152.154.243.249
615,Lizabeth,Fuidge,lfuidgeh2@yahoo.co.jp,Female,202.170.28.213
616,Elia,Gosby,egosbyh3@php.net,Male,218.41.12.208
617,Dorthy,De Roos,dderoosh4@tripadvisor.com,Female,27.85.25.83
618,Rollin,Corney,rcorneyh5@icio.us,Male,146.209.99.76
619,Ase,Baudin,abaudinh6@yandex.ru,Male,61.228.77.235
620,Grove,Treadaway,gtreadawayh7@technorati.com,Male,152.0.9.147
621,Roseanne,Wilsee,rwilseeh8@yelp.com,Female,7.27.133.121
622,Friederike,Loding,flodingh9@bizjournals.com,Female,137.189.191.165
623,Logan,Danilchev,ldanilchevha@wp.com,Male,39.3.242.36
624,Thorin,Knivett,tknivetthb@slashdot.org,Male,147.165.230.126
625,Sidoney,Corzor,scorzorhc@usnews.com,Female,141.143.140.25
626,Brodie,Stennings,bstenningshd@so-net.ne.jp,Male,218.21.251.188
627,Constantin,Donn,cdonnhe@mac.com,Male,199.54.34.151
628,Artie,McGlynn,amcglynnhf@msn.com,Male,228.40.238.17
629,Faunie,Hebditch,fhebditchhg@angelfire.com,Female,245.183.247.22
630,Cleve,McCord,cmccordhh@google.com.hk,Male,215.104.42.63
631,Baldwin,Deetlefs,bdeetlefshi@phoca.cz,Male,87.178.130.201
632,Alyse,Dunphie,adunphiehj@comcast.net,Female,14.49.224.252
633,York,McConway,ymcconwayhk@apple.com,Male,175.54.58.119
634,Bambi,Braywood,bbraywoodhl@businesswire.com,Female,199.197.192.130
635,Giles,McDougal,gmcdougalhm@admin.ch,Male,183.125.126.30
636,Fulton,Larrad,flarradhn@nps.gov,Male,170.237.64.105
637,Lem,Rivallant,lrivallantho@flavors.me,Male,215.74.212.187
638,Dido,Stuttard,dstuttardhp@pbs.org,Female,236.246.65.144
639,Kirsteni,Ickovits,kickovitshq@omniture.com,Female,225.118.213.217
640,Leonanie,Grinov,lgrinovhr@mozilla.com,Female,116.116.142.60
641,Francklin,Swyndley,fswyndleyhs@reverbnation.com,Male,88.134.213.228
642,Nanete,Beale,nbealeht@arizona.edu,Female,227.233.139.26
643,Jasmin,Robey,jrobeyhu@msu.edu,Female,72.160.184.253
644,Star,Hathaway,shathawayhv@dion.ne.jp,Female,7.228.153.52
645,Otes,Steuart,osteuarthw@hatena.ne.jp,Male,225.24.226.79
646,Dorian,Semple,dsemplehx@boston.com,Female,6.21.216.189
647,Christabella,McIlraith,cmcilraithhy@multiply.com,Female,179.134.185.250
648,Venus,Castellet,vcastellethz@netvibes.com,Female,172.236.134.244
649,Alberik,Minchell,aminchelli0@discovery.com,Male,25.218.12.60
650,Bran,Button,bbuttoni1@ovh.net,Male,84.109.248.77
651,Rozanne,Glazyer,rglazyeri2@illinois.edu,Female,99.1.194.58
652,Justin,Bellis,jbellisi3@berkeley.edu,Male,242.92.29.33
653,Koral,Probets,kprobetsi4@miibeian.gov.cn,Female,153.237.123.196
654,Austen,Antonellini,aantonellinii5@ox.ac.uk,Agender,147.158.54.85
655,Merola,Skydall,mskydalli6@irs.gov,Female,27.19.199.75
656,Valle,Grent,vgrenti7@drupal.org,Male,225.199.189.10
657,Andreas,Fortey,aforteyi8@nature.com,Male,158.22.91.148
658,Marita,Hammersley,mhammersleyi9@4shared.com,Female,110.107.243.6
659,Vassily,de Mendoza,vdemendozaia@cnet.com,Male,54.45.132.162
660,Lombard,Duding,ldudingib@facebook.com,Male,120.208.139.71
661,Kristyn,Callway,kcallwayic@clickbank.net,Polygender,145.65.118.37
662,Jeremy,Kilcoyne,jkilcoyneid@cbsnews.com,Male,44.128.203.116
663,Aile,Duesbury,aduesburyie@1und1.de,Female,64.101.64.217
664,Hamnet,Havoc,hhavocif@tripod.com,Male,173.147.134.103
665,Tedi,Harmer,tharmerig@ning.com,Female,53.65.153.187
666,Teodorico,Kiehl,tkiehlih@loc.gov,Polygender,119.200.97.137
667,Greg,Bankes,gbankesii@google.com.au,Male,207.134.104.203
668,Philly,Monday,pmondayij@virginia.edu,Female,164.166.138.132
669,Whitman,Byron,wbyronik@shareasale.com,Male,237.90.150.5
670,Felike,Arkin,farkinil@people.com.cn,Male,36.217.216.45
671,Chickie,Jerrom,cjerromim@amazonaws.com,Female,200.60.183.231
672,Jacquenette,Duthy,jduthyin@livejournal.com,Bigender,32.77.211.254
673,Stacey,Miliffe,smiliffeio@networksolutions.com,Female,91.180.13.248
674,Annaliese,Kendell,akendellip@addthis.com,Female,36.199.122.210
675,Gay,Beccera,gbecceraiq@vistaprint.com,Male,17.158.32.130
676,Wendye,Macek,wmacekir@live.com,Female,215.41.28.200
677,Reinold,Shovell,rshovellis@yandex.ru,Male,150.44.56.233
678,Kacey,Segoe,ksegoeit@paginegialle.it,Female,80.132.4.82
679,Isiahi,Ginnane,iginnaneiu@dyndns.org,Male,164.184.114.255
680,Wilhelm,Maas,wmaasiv@ted.com,Male,128.14.110.39
681,Arda,Friese,afrieseiw@wikimedia.org,Genderqueer,101.194.80.129
682,Sharyl,Govey,sgoveyix@businesswire.com,Female,22.15.99.153
683,Kendall,Kneath,kkneathiy@diigo.com,Male,62.188.124.117
684,Ahmed,Dumelow,adumelowiz@fc2.com,Male,31.254.68.246
685,Erinn,Waterfield,ewaterfieldj0@ebay.com,Female,24.84.251.216
686,Jereme,Lowcock,jlowcockj1@facebook.com,Male,250.139.78.217
687,Faun,Rambadt,frambadtj2@businessweek.com,Female,204.153.228.19
688,Clara,Purdon,cpurdonj3@who.int,Female,161.114.238.61
689,Averil,Axe,aaxej4@mayoclinic.com,Male,198.214.78.118
690,Sioux,Calender,scalenderj5@123-reg.co.uk,Female,145.60.171.249
691,Vick,Graser,vgraserj6@chron.com,Male,131.229.182.168
692,Madelin,Hughf,mhughfj7@house.gov,Female,59.84.234.192
693,Rahal,Littrell,rlittrellj8@answers.com,Female,5.70.159.10
694,Mickey,Daviddi,mdaviddij9@tiny.cc,Male,167.169.178.231
695,Jillayne,Geroldo,jgeroldoja@themeforest.net,Female,174.145.21.222
696,Edd,Stonnell,estonnelljb@gizmodo.com,Male,134.246.131.14
697,Archy,Ughelli,aughellijc@posterous.com,Male,54.92.1.105
698,Tamiko,Ferminger,tfermingerjd@chronoengine.com,Female,85.43.236.83
699,Travis,Madine,tmadineje@slate.com,Male,227.213.122.114
700,Milo,O'Canavan,mocanavanjf@walmart.com,Male,177.81.10.110
701,Marcile,Windrum,mwindrumjg@odnoklassniki.ru,Female,40.185.215.107
702,Ken,Wansbury,kwansburyjh@macromedia.com,Male,70.194.250.204
703,Joela,Haymes,jhaymesji@timesonline.co.uk,Female,107.213.102.195
704,Hewe,Flasby,hflasbyjj@mediafire.com,Male,234.175.132.189
705,Ferris,Lowell,flowelljk@virginia.edu,Male,209.139.113.195
706,Elane,Henrion,ehenrionjl@goo.ne.jp,Female,207.187.158.126
707,Laurence,Gillbanks,lgillbanksjm@imdb.com,Male,111.21.54.67
708,Tally,Conford,tconfordjn@skype.com,Polygender,70.158.227.26
709,Wain,Cordeix,wcordeixjo@bigcartel.com,Male,208.20.111.19
710,Dominik,Royste,droystejp@cocolog-nifty.com,Male,192.92.19.115
711,Adelice,Sanbrook,asanbrookjq@netvibes.com,Female,79.81.185.133
712,Chanda,Blackhall,cblackhalljr@topsy.com,Female,242.60.243.47
713,Cal,Ebbetts,cebbettsjs@gmpg.org,Female,232.96.113.97
714,Isa,Rudgard,irudgardjt@youtu.be,Female,42.14.245.82
715,Vere,Whiteley,vwhiteleyju@jugem.jp,Female,252.33.195.208
716,Gorden,Nason,gnasonjv@paypal.com,Male,227.0.50.79
717,Veronike,Pletts,vplettsjw@symantec.com,Non-binary,147.207.203.230
718,Chick,Pennyman,cpennymanjx@japanpost.jp,Male,110.31.196.152
719,Terra,McKeaveney,tmckeaveneyjy@etsy.com,Female,249.195.23.244
720,Julie,Joanic,jjoanicjz@ca.gov,Female,175.38.182.93
721,Todd,Bampforth,tbampforthk0@livejournal.com,Male,124.240.142.156
722,Bennett,Cant,bcantk1@arizona.edu,Male,162.92.245.136
723,Allen,Nelthorpe,anelthorpek2@google.fr,Male,196.132.26.117
724,Zarah,O'Scanlan,zoscanlank3@ox.ac.uk,Female,65.140.74.172
725,Cornelius,Itzkov,citzkovk4@alexa.com,Male,239.164.245.104
726,Norris,Davidi,ndavidik5@parallels.com,Male,248.137.63.99
727,Sandie,Stroyan,sstroyank6@gmpg.org,Female,195.91.156.211
728,Bamby,Asch,baschk7@fotki.com,Female,60.15.171.161
729,Wylie,Pasley,wpasleyk8@hubpages.com,Male,17.81.234.233
730,Harriet,Faichnie,hfaichniek9@istockphoto.com,Female,56.131.28.120
731,Mathilde,McGlue,mmcglueka@noaa.gov,Female,93.96.114.101
732,Addison,Clinning,aclinningkb@godaddy.com,Male,146.197.81.50
733,Birk,Dun,bdunkc@tinypic.com,Male,96.40.93.55
734,Davine,Huddle,dhuddlekd@instagram.com,Female,233.89.178.134
735,Camilla,Knevet,cknevetke@google.nl,Female,243.80.59.112
736,Garald,Habens,ghabenskf@bizjournals.com,Male,235.195.160.54
737,Mala,Skellon,mskellonkg@sbwire.com,Female,55.8.108.83
738,Marieann,Toynbee,mtoynbeekh@myspace.com,Polygender,92.83.156.0
739,Teddie,Stoter,tstoterki@wordpress.com,Male,255.118.187.214
740,Austine,Verne,avernekj@shareasale.com,Polygender,41.79.234.213
741,Sonny,Broadis,sbroadiskk@china.com.cn,Male,70.53.89.153
742,Cornelius,Frampton,cframptonkl@unesco.org,Male,65.97.51.97
743,Simone,Giannassi,sgiannassikm@go.com,Male,33.21.80.57
744,Bunny,Davidovitch,bdavidovitchkn@desdev.cn,Female,62.140.103.1
745,Hobie,Falloon,hfalloonko@slashdot.org,Male,51.9.44.28
746,Amabelle,Wadhams,awadhamskp@deviantart.com,Female,245.215.68.210
747,Bren,Hawkshaw,bhawkshawkq@cdc.gov,Female,221.118.108.193
748,Joleen,Hedditch,jhedditchkr@dropbox.com,Female,105.8.14.5
749,Law,Giorgiutti,lgiorgiuttiks@technorati.com,Male,202.73.42.61
750,Claire,Whitefoot,cwhitefootkt@homestead.com,Male,59.66.30.106
751,Sharleen,Heine,sheineku@example.com,Female,155.230.188.158
752,Kleon,Brockie,kbrockiekv@jiathis.com,Male,133.91.103.75
753,Stacey,Esome,sesomekw@opera.com,Bigender,210.68.54.39
754,Chris,Castellani,ccastellanikx@google.cn,Female,109.131.182.222
755,Trish,Meth,tmethky@deliciousdays.com,Female,196.235.136.223
756,Christoph,O'Curran,cocurrankz@wisc.edu,Male,121.125.176.123
757,Christy,Strethill,cstrethilll0@bizjournals.com,Female,88.216.220.16
758,Cathrin,Mullett,cmullettl1@dion.ne.jp,Genderfluid,251.109.46.75
759,Gabrila,Milch,gmilchl2@deviantart.com,Female,35.118.65.5
760,Shirlene,Travis,stravisl3@reuters.com,Female,85.253.143.204
761,Tristam,Cranna,tcrannal4@cbc.ca,Male,120.59.94.137
762,Ofella,Scowcroft,oscowcroftl5@timesonline.co.uk,Female,39.118.197.40
763,Charmain,Merriton,cmerritonl6@ask.com,Female,71.103.99.204
764,Pamela,Jurs,pjursl7@huffingtonpost.com,Female,132.144.116.149
765,Nada,Weblin,nweblinl8@epa.gov,Bigender,62.201.221.83
766,Paul,Bulcroft,pbulcroftl9@free.fr,Male,103.59.94.10
767,Gwyn,Dennehy,gdennehyla@mayoclinic.com,Female,249.2.87.87
768,Gearard,Kropp,gkropplb@tinypic.com,Male,210.246.55.161
769,Marie-ann,Lindenbaum,mlindenbaumlc@bloglovin.com,Female,217.65.51.82
770,Ernaline,Hendriks,ehendriksld@xrea.com,Female,181.11.248.73
771,Hagan,Sinkings,hsinkingsle@webnode.com,Male,152.202.194.81
772,Dane,McGeady,dmcgeadylf@skyrock.com,Male,23.29.194.34
773,Cornela,Jessop,cjessoplg@t.co,Female,13.36.57.25
774,Miles,Zorer,mzorerlh@cam.ac.uk,Male,237.215.25.200
775,Rikki,Worts,rwortsli@chicagotribune.com,Male,119.64.94.229
776,Leanor,Burgane,lburganelj@t.co,Female,96.123.77.149
777,Banky,Heersema,bheersemalk@quantcast.com,Male,21.205.18.167
778,Tiffi,Tattershall,ttattershallll@gizmodo.com,Female,118.239.16.211
779,Ilaire,Lukehurst,ilukehurstlm@github.com,Male,209.209.155.212
780,Franny,Mulhall,fmulhallln@ucla.edu,Female,125.142.107.121
781,Shay,Karpinski,skarpinskilo@goodreads.com,Male,59.45.186.170
782,Reeta,Maffi,rmaffilp@unc.edu,Agender,12.140.117.207
783,Sig,Housley,shousleylq@loc.gov,Male,63.52.60.41
784,Gwyn,Fuster,gfusterlr@reverbnation.com,Female,163.151.253.222
785,Lanie,Everest,leverestls@senate.gov,Female,8.218.200.50
786,Samara,Revington,srevingtonlt@ox.ac.uk,Female,40.75.33.197
787,Jennee,Coleridge,jcoleridgelu@usnews.com,Female,204.20.246.160
788,Lucille,Hawksley,lhawksleylv@vk.com,Female,175.158.81.168
789,Vilhelmina,Codner,vcodnerlw@bigcartel.com,Female,144.176.134.199
790,Darsie,Fellman,dfellmanlx@printfriendly.com,Female,91.214.40.62
791,Keefer,Wanek,kwanekly@nature.com,Male,118.89.139.224
792,Karel,Keinrat,kkeinratlz@weather.com,Female,213.211.89.241
793,Leigh,Iacomelli,liacomellim0@businesswire.com,Female,134.0.51.202
794,Paulo,Smaile,psmailem1@booking.com,Male,42.167.3.39
795,Elfrida,Cass,ecassm2@unblog.fr,Female,183.55.53.38
796,Aleen,Story,astorym3@com.com,Female,49.248.203.170
797,Paul,Langstone,plangstonem4@sbwire.com,Male,244.203.88.218
798,Vin,Leband,vlebandm5@homestead.com,Female,28.63.124.173
799,Care,Disbrow,cdisbrowm6@sciencedirect.com,Male,204.255.238.19
800,Stanislaw,Reeves,sreevesm7@prweb.com,Male,54.246.177.143
801,Udell,Dickon,udickonm8@prweb.com,Male,92.68.192.225
802,Yancy,Matushevich,ymatushevichm9@livejournal.com,Male,191.52.191.216
803,Davina,Ovesen,dovesenma@vistaprint.com,Female,83.68.14.81
804,Orazio,Martinetto,omartinettomb@princeton.edu,Male,54.208.164.162
805,Mel,Brennen,mbrennenmc@miitbeian.gov.cn,Female,100.185.148.176
806,Alick,Forson,aforsonmd@auda.org.au,Male,248.24.69.220
807,Lodovico,Walbrun,lwalbrunme@hubpages.com,Male,121.228.178.155
808,Marysa,Maydwell,mmaydwellmf@hc360.com,Female,69.44.232.182
809,Stanton,Simson,ssimsonmg@ed.gov,Male,98.7.107.169
810,Lettie,Smaleman,lsmalemanmh@flavors.me,Female,245.35.62.157
811,Wilma,Oldcroft,woldcroftmi@hubpages.com,Genderqueer,172.21.209.212
812,Helen,Danilishin,hdanilishinmj@pen.io,Genderfluid,12.124.70.76
813,Kathleen,Canter,kcantermk@addthis.com,Agender,242.141.95.212
814,Etti,Ovey,eoveyml@github.io,Female,128.88.88.165
815,Rois,Pineaux,rpineauxmm@apple.com,Female,30.58.47.227
816,Scott,Croal,scroalmn@adobe.com,Male,90.248.219.255
817,Zorana,Simenet,zsimenetmo@senate.gov,Female,66.79.69.247
818,Ceciley,Sone,csonemp@mapy.cz,Female,139.231.202.161
819,Basilius,Bardey,bbardeymq@ca.gov,Male,249.106.251.234
820,Lonny,Kleinstern,lkleinsternmr@storify.com,Male,85.52.124.108
821,Marco,Deluce,mdelucems@yelp.com,Male,66.179.37.29
822,Pepito,Biernat,pbiernatmt@cargocollective.com,Male,10.180.212.69
823,Wilton,Pavlitschek,wpavlitschekmu@fema.gov,Male,38.153.1.80
824,Marlane,Ferran,mferranmv@youku.com,Female,7.17.9.118
825,Marabel,Hullah,mhullahmw@unblog.fr,Female,46.83.213.195
826,Jackson,Grimes,jgrimesmx@ted.com,Male,87.69.51.162
827,Duky,Pye,dpyemy@nature.com,Genderfluid,213.100.252.134
828,Cass,Pina,cpinamz@fastcompany.com,Male,124.147.130.224
829,Josefina,McCloy,jmccloyn0@dot.gov,Female,127.200.37.223
830,Winni,Preece,wpreecen1@reddit.com,Polygender,60.166.30.187
831,Reece,Moreton,rmoretonn2@people.com.cn,Male,246.170.171.246
832,Melania,Korb,mkorbn3@netscape.com,Female,189.115.40.40
833,Gran,Fraschini,gfraschinin4@dailymail.co.uk,Male,19.133.41.178
834,Idette,Ramsby,iramsbyn5@tinypic.com,Female,69.116.74.248
835,Sandor,Donwell,sdonwelln6@nba.com,Male,158.51.81.231
836,Adolph,Fountian,afountiann7@google.ru,Male,127.205.231.182
837,Koressa,Charteris,kcharterisn8@alibaba.com,Female,213.7.128.30
838,Derk,Rickaby,drickabyn9@ning.com,Male,126.20.50.158
839,Coleman,Hillum,chillumna@uiuc.edu,Male,90.197.175.25
840,Web,Antonio,wantonionb@discuz.net,Male,225.11.168.186
841,Ynez,Eteen,yeteennc@webmd.com,Female,208.178.36.65
842,Barnie,Ibbetson,bibbetsonnd@intel.com,Bigender,37.74.130.178
843,Marthena,Ogus,mogusne@wordpress.com,Genderqueer,9.78.114.162
844,Asher,Osgardby,aosgardbynf@sogou.com,Male,13.220.230.171
845,Butch,Lackie,blackieng@xrea.com,Male,145.40.130.40
846,Edgardo,Sineath,esineathnh@wisc.edu,Male,198.96.174.148
847,Elyssa,Seville,esevilleni@wsj.com,Female,89.19.8.237
848,Kermy,Woodings,kwoodingsnj@hao123.com,Bigender,73.87.202.230
849,Beltran,Surby,bsurbynk@sciencedaily.com,Male,184.168.28.46
850,Lev,Ambridge,lambridgenl@booking.com,Male,155.141.115.162
851,Xenos,Boylund,xboylundnm@smh.com.au,Male,42.162.216.6
852,Terrel,Hurdwell,thurdwellnn@51.la,Non-binary,210.215.111.196
853,Teddie,Borg-Bartolo,tborgbartolono@jigsy.com,Female,26.214.215.10
854,Valeda,Giorgione,vgiorgionenp@samsung.com,Female,31.163.214.75
855,Mathew,Fallens,mfallensnq@hc360.com,Male,245.196.196.112
856,Paola,Rubee,prubeenr@purevolume.com,Female,148.57.59.60
857,Kris,Wilse,kwilsens@npr.org,Male,171.255.166.1
858,Ilaire,Malitrott,imalitrottnt@jimdo.com,Male,196.207.237.172
859,Allix,Stotherfield,astotherfieldnu@surveymonkey.com,Female,239.200.67.148
860,Harlen,Lafont,hlafontnv@angelfire.com,Male,67.31.237.181
861,Carolann,Sarson,csarsonnw@hp.com,Female,101.18.141.113
862,Analise,O'Gorman,aogormannx@shinystat.com,Female,152.66.28.199
863,Lusa,Ayerst,layerstny@ft.com,Female,111.196.110.136
864,Winn,Maypother,wmaypothernz@wikia.com,Male,55.205.121.226
865,Dorothy,Damarell,ddamarello0@g.co,Female,41.53.165.175
866,Maxy,Corbin,mcorbino1@jigsy.com,Male,235.231.131.151
867,Artur,Leades,aleadeso2@businessweek.com,Male,66.254.221.153
868,Calypso,Buckthought,cbuckthoughto3@cnbc.com,Female,145.232.103.162
869,Darryl,Fittes,dfitteso4@rakuten.co.jp,Female,31.105.62.107
870,Jsandye,Blei,jbleio5@upenn.edu,Female,45.229.93.238
871,Matthaeus,Martinuzzi,mmartinuzzio6@ftc.gov,Male,11.161.35.185
872,Jillene,Duligal,jduligalo7@scientificamerican.com,Genderqueer,58.228.18.233
873,Gun,Henner,ghennero8@cloudflare.com,Male,66.56.47.82
874,Hanna,Leele,hleeleo9@blogspot.com,Female,236.64.18.218
875,Graeme,Penhall,gpenhalloa@fotki.com,Male,58.204.170.75
876,Candie,Laetham,claethamob@theglobeandmail.com,Female,227.30.61.240
877,Kippy,Eskrick,keskrickoc@nationalgeographic.com,Male,157.55.248.91
878,Carrissa,Collman,ccollmanod@mapquest.com,Female,6.152.98.100
879,Evonne,Eeles,eeelesoe@arizona.edu,Female,88.57.9.62
880,Kimble,Leinweber,kleinweberof@hud.gov,Non-binary,113.182.164.50
881,Tandie,Siddens,tsiddensog@reverbnation.com,Female,47.91.4.86
882,Garey,Mandeville,gmandevilleoh@goo.gl,Male,234.113.17.210
883,Adrian,Chapleo,achapleooi@arizona.edu,Female,143.249.3.239
884,Mag,Hogbin,mhogbinoj@g.co,Female,30.72.136.65
885,Karney,Corgenvin,kcorgenvinok@loc.gov,Male,68.238.231.217
886,Obediah,Sabie,osabieol@eepurl.com,Male,244.49.241.121
887,Myer,Whyley,mwhyleyom@archive.org,Male,9.141.244.223
888,Roberta,Warland,rwarlandon@disqus.com,Female,191.223.156.7
889,Asa,Marwood,amarwoodoo@loc.gov,Male,108.226.161.51
890,Merrily,Romayne,mromayneop@canalblog.com,Female,196.20.102.21
891,Godfry,McGlaughn,gmcglaughnoq@mac.com,Male,206.175.87.249
892,Mahalia,Paladini,mpaladinior@over-blog.com,Female,229.95.97.146
893,Rich,Agott,ragottos@vinaora.com,Male,72.25.215.3
894,Everett,Goncalo,egoncaloot@amazon.co.uk,Male,39.95.100.168
895,Pia,Roll,prollou@bloglines.com,Female,119.19.178.196
896,Ingunna,Austen,iaustenov@pen.io,Female,132.237.215.140
897,Brand,Cassely,bcasselyow@studiopress.com,Male,124.161.243.11
898,Dulcinea,Hulland,dhullandox@nasa.gov,Female,48.108.201.25
899,Trueman,Glamart,tglamartoy@amazon.co.jp,Male,67.100.225.181
900,Holt,Twidale,htwidaleoz@vistaprint.com,Male,157.228.232.228
901,Dynah,Shorland,dshorlandp0@yellowpages.com,Female,242.180.38.87
902,Nelson,Caught,ncaughtp1@simplemachines.org,Male,65.13.20.26
903,Hendrick,Rosevear,hrosevearp2@mapy.cz,Male,23.204.246.51
904,Katya,Goulbourn,kgoulbournp3@apple.com,Female,102.230.177.6
905,Myrvyn,Chubb,mchubbp4@webnode.com,Male,13.220.112.246
906,Devin,Nevitt,dnevittp5@mysql.com,Female,150.224.214.190
907,Tamqrah,Vedntyev,tvedntyevp6@examiner.com,Female,29.184.171.124
908,Heinrik,Seldner,hseldnerp7@bloglovin.com,Male,99.165.150.113
909,Kattie,Skellion,kskellionp8@usa.gov,Female,255.168.197.208
910,Ileane,Rawlinson,irawlinsonp9@slideshare.net,Female,1.135.224.93
911,Suellen,Armit,sarmitpa@squarespace.com,Female,212.23.63.125
912,Ludwig,Rugiero,lrugieropb@yahoo.com,Male,42.35.40.98
913,Petrina,Furley,pfurleypc@fema.gov,Female,101.79.77.99
914,Fredia,Andreacci,fandreaccipd@fc2.com,Female,17.214.75.151
915,Dasie,Tubridy,dtubridype@fc2.com,Female,119.168.92.201
916,April,Qualtro,aqualtropf@engadget.com,Genderfluid,18.234.189.71
917,Hillel,Geater,hgeaterpg@deliciousdays.com,Male,150.125.95.146
918,Kippy,Westell,kwestellph@jigsy.com,Female,92.167.149.41
919,Harman,Loutheane,hloutheanepi@eepurl.com,Male,169.192.23.145
920,Corey,Annatt,cannattpj@nytimes.com,Male,103.232.93.27
921,Romonda,Bloys,rbloyspk@chronoengine.com,Female,176.163.110.4
922,Stefano,Colly,scollypl@trellian.com,Male,82.25.156.47
923,Kipp,Janu,kjanupm@free.fr,Female,150.254.75.93
924,Crystie,Bakes,cbakespn@nasa.gov,Female,38.93.223.183
925,Darrel,Twohig,dtwohigpo@technorati.com,Male,65.54.168.27
926,Tallie,Bradnum,tbradnumpp@cbc.ca,Female,49.52.166.58
927,Theadora,Stovine,tstovinepq@vimeo.com,Female,162.233.162.135
928,Dudley,Spalding,dspaldingpr@ovh.net,Male,199.177.143.136
929,Martynne,Wiffler,mwifflerps@clickbank.net,Female,81.24.144.106
930,Bobbette,Benzing,bbenzingpt@vinaora.com,Genderfluid,148.2.240.165
931,Hurleigh,Showering,hshoweringpu@goo.gl,Male,229.96.155.159
932,Liliane,Napper,lnapperpv@state.tx.us,Female,169.217.174.93
933,Law,Jolliffe,ljolliffepw@state.gov,Male,43.80.221.83
934,Sharyl,Braddon,sbraddonpx@fastcompany.com,Female,40.160.224.160
935,Kinsley,Jaher,kjaherpy@mail.ru,Genderfluid,89.32.206.193
936,Brantley,Blant,bblantpz@rediff.com,Bigender,37.41.2.234
937,Kimbra,Breissan,kbreissanq0@ebay.co.uk,Agender,28.238.102.45
938,Frants,Maciunas,fmaciunasq1@youtube.com,Male,181.52.91.5
939,Brock,Crandon,bcrandonq2@shinystat.com,Male,166.225.5.181
940,Gibb,Claire,gclaireq3@eventbrite.com,Male,215.230.172.86
941,Hercules,Hallows,hhallowsq4@wisc.edu,Male,144.41.218.103
942,Donaugh,Denisevich,ddenisevichq5@samsung.com,Male,21.240.116.255
943,Ofilia,Antonio,oantonioq6@last.fm,Female,18.161.186.148
944,Nigel,Forster,nforsterq7@tiny.cc,Male,241.244.3.128
945,Rhonda,Woffinden,rwoffindenq8@stanford.edu,Female,194.206.227.128
946,Brandea,Zanicchelli,bzanicchelliq9@mlb.com,Female,231.134.231.32
947,Claiborne,Daniells,cdaniellsqa@liveinternet.ru,Male,232.223.149.115
948,Ivie,Antunez,iantunezqb@spiegel.de,Female,11.140.25.195
949,Abbot,Taylder,ataylderqc@g.co,Male,33.212.82.12
950,Holmes,Antonoczyk,hantonoczykqd@sfgate.com,Male,165.18.97.44
951,Ceil,Pietrzyk,cpietrzykqe@163.com,Bigender,20.21.242.10
952,Ramon,Duckham,rduckhamqf@reverbnation.com,Male,30.46.209.109
953,Nanci,Lagen,nlagenqg@hibu.com,Female,167.132.165.178
954,Jemimah,Vasiljevic,jvasiljevicqh@digg.com,Polygender,227.136.28.134
955,Margaretha,Colvine,mcolvineqi@omniture.com,Female,149.216.233.77
956,Billy,Sessions,bsessionsqj@hp.com,Female,14.113.48.191
957,Jarrad,Algar,jalgarqk@gizmodo.com,Male,6.235.224.48
958,Anthony,Maberley,amaberleyql@youtube.com,Male,100.47.255.119
959,Aguste,Macvey,amacveyqm@wikia.com,Male,242.78.146.71
960,Roda,Gopsall,rgopsallqn@163.com,Female,238.46.173.108
961,Vito,O'Hogertie,vohogertieqo@goo.ne.jp,Male,64.96.141.91
962,Cornie,Lewins,clewinsqp@cmu.edu,Female,158.144.177.40
963,Sansone,Evanson,sevansonqq@hatena.ne.jp,Non-binary,163.81.158.118
964,Delphinia,Gallaher,dgallaherqr@symantec.com,Female,136.79.103.144
965,Dareen,Behrendsen,dbehrendsenqs@bbc.co.uk,Female,55.42.128.4
966,Roderich,Millson,rmillsonqt@twitpic.com,Male,66.207.133.18
967,Lane,Wippermann,lwippermannqu@walmart.com,Female,190.110.176.90
968,Gerik,Domerque,gdomerqueqv@ted.com,Male,219.30.83.3
969,Adeline,Story,astoryqw@ucoz.ru,Female,196.76.215.201
970,Karel,Lathan,klathanqx@mapquest.com,Female,94.232.35.173
971,Tyne,McGeachie,tmcgeachieqy@paginegialle.it,Female,82.224.166.179
972,Keven,Gaskal,kgaskalqz@tinypic.com,Male,6.184.193.141
973,Sonni,Haws,shawsr0@nasa.gov,Female,207.233.219.102
974,Inness,Clack,iclackr1@vistaprint.com,Male,134.18.29.248
975,Aurel,Torald,atoraldr2@dedecms.com,Female,121.93.105.154
976,Case,Newberry,cnewberryr3@msn.com,Male,103.179.251.13
977,Harley,Manz,hmanzr4@nifty.com,Female,167.142.229.36
978,Salem,Willshere,swillsherer5@pagesperso-orange.fr,Agender,147.190.90.79
979,Rosaleen,Blakeway,rblakewayr6@google.fr,Female,178.40.68.254
980,Carlin,Rolfo,crolfor7@last.fm,Male,248.83.59.26
981,Hedwiga,Paszak,hpaszakr8@furl.net,Female,193.82.49.196
982,Annecorinne,Eleshenar,aeleshenarr9@creativecommons.org,Female,230.102.199.10
983,Gibb,Hopkynson,ghopkynsonra@de.vu,Agender,20.164.238.68
984,Lorine,Seldon,lseldonrb@nifty.com,Female,172.219.177.62
985,Lodovico,Berkelay,lberkelayrc@yellowpages.com,Male,53.143.52.178
986,Chester,Boulter,cboulterrd@posterous.com,Male,150.223.15.182
987,Cointon,Bremen,cbremenre@hugedomains.com,Male,209.208.143.37
988,Lanny,Delmage,ldelmagerf@youtube.com,Male,244.197.87.141
989,Daffie,Brazer,dbrazerrg@reference.com,Female,213.193.137.210
990,Laurena,Bossel,lbosselrh@about.com,Female,112.159.74.112
991,Lisha,Hotchkin,lhotchkinri@guardian.co.uk,Female,129.230.128.241
992,Urbano,de Clerc,udeclercrj@berkeley.edu,Male,248.38.216.197
993,Claudette,Cahillane,ccahillanerk@tripod.com,Female,65.143.152.220
994,Imogene,Van T'Hoog,ivanthoogrl@hhs.gov,Female,183.112.156.184
995,Fanchette,Faulkes,ffaulkesrm@slate.com,Female,131.253.23.10
996,Merrick,Derbyshire,mderbyshirern@jimdo.com,Male,202.10.128.203
997,Erick,Beel,ebeelro@cdc.gov,Polygender,41.247.198.78
998,Marilyn,Lamzed,mlamzedrp@nasa.gov,Female,216.145.78.120
999,Cyndi,Stringer,cstringerrq@cargocollective.com,Female,57.213.254.188
1000,Ade,Maggi,amaggirr@bluehost.com,Male,68.205.86.178
